product,week,sales,price,promotion_flag,season,month,revenue,profit,inventory,lag_1_sales,lag_2_sales
Mozzarella,3,10200,7.5,0,winter,1,76500.0,25245.0,13260.0,,
Mozzarella,4,10550,7.5,0,winter,1,79125.0,26111.25,13715.0,,
Mozzarella,5,10900,7.5,0,winter,2,81750.0,26977.5,14170.0,,
Mozzarella,6,11200,7.5,0,winter,2,84000.0,27720.0,14560.0,,
Mozzarella,7,11600,7.5,0,winter,2,87000.0,28710.0,15080.0,,
Mozzarella,8,11900,7.5,0,winter,2,89250.0,29452.5,15470.0,,     
Mozzarella,9,12200,7.5,0,winter,3,91500.0,30195.0,15860.0,,
Mozzarella,10,12500,7.5,0,winter,3,93750.0,30937.5,16250.0,,
Mozzarella,11,12700,7.5,0,winter,3,95250.0,31432.5,16510.0,,
Mozzarella,12,13000,7.5,0,winter,3,97500.0,32175.0,16900.0,,
Mozzarella,13,13250,7.5,0,winter,4,99375.0,32793.75,17225.0,,
Mozzarella,14,13400,7.5,0,spring,4,100500.0,33165.0,17420.0,,
Mozzarella,15,13500,7.5,0,spring,4,101250.0,33412.5,17550.0,,
Mozzarella,16,13600,7.5,0,spring,4,102000.0,33660.0,17680.0,,
Mozzarella,17,13850,7.5,0,spring,5,103875.0,34278.75,18005.0,,
Mozzarella,18,14000,7.5,0,spring,5,105000.0,34650.0,18200.0,,
Mozzarella,19,14150,7.5,0,spring,5,106125.0,35021.25,18395.0,,
Mozzarella,20,14300,7.5,0,spring,5,107250.0,35392.5,18590.0,,
Mozzarella,21,14450,7.5,0,spring,6,108375.0,35763.75,18785.0,,
Mozzarella,22,14200,7.5,0,spring,6,106500.0,35145.0,18460.0,,
Mozzarella,23,13900,7.5,0,spring,6,104250.0,34402.5,18070.0,,
Mozzarella,24,13500,7.5,0,spring,6,101250.0,33412.5,17550.0,,
Mozzarella,25,13000,7.5,0,spring,7,97500.0,32175.0,16900.0,,
Mozzarella,26,12800,7.5,0,spring,7,96000.0,31680.0,16640.0,,
Mozzarella,27,12600,7.5,0,summer,7,94500.0,31185.0,16380.0,,
Mozzarella,28,12400,7.5,0,summer,7,93000.0,30690.0,16120.0,,
Mozzarella,29,12700,7.5,0,summer,8,95250.0,31432.5,16510.0,,
Mozzarella,30,13000,7.5,0,summer,8,97500.0,32175.0,16900.0,,
Mozzarella,31,13400,7.5,0,summer,8,100500.0,33165.0,17420.0,,
Mozzarella,32,13750,7.5,0,summer,8,103125.0,34031.25,17875.0,,
Mozzarella,33,14000,7.5,0,summer,9,105000.0,34650.0,18200.0,,
Mozzarella,34,14250,7.5,0,summer,9,106875.0,35268.75,18525.0,,
Mozzarella,35,14500,7.5,0,summer,9,108750.0,35887.5,18850.0,,
Mozzarella,36,14700,7.5,0,summer,9,110250.0,36382.5,19110.0,,
Mozzarella,37,14900,7.5,0,summer,10,111750.0,36877.5,19370.0,,
Mozzarella,38,15200,7.5,0,summer,10,114000.0,37620.0,19760.0,,
Mozzarella,39,15300,7.5,0,summer,10,114750.0,37867.5,19890.0,,
Mozzarella,40,15450,7.5,0,fall,10,115875.0,38238.75,20085.0,,
Mozzarella,41,15600,7.5,0,fall,11,117000.0,38610.0,20280.0,,
Mozzarella,42,15800,7.5,0,fall,11,118500.0,39105.0,20540.0,,
Mozzarella,43,15900,7.5,0,fall,11,119250.0,39352.5,20670.0,,
Mozzarella,44,16100,7.5,0,fall,11,120750.0,39847.5,20930.0,,
Mozzarella,45,16300,7.5,0,fall,12,122250.0,40342.5,21190.0,,
Mozzarella,46,16450,7.5,0,fall,12,123375.0,40713.75,21385.0,,
Mozzarella,47,16600,7.5,0,fall,12,124500.0,41085.0,21580.0,,
Mozzarella,48,16800,7.5,0,fall,12,126000.0,41580.0,21840.0,,
Mozzarella,49,17000,7.5,0,fall,12,127500.0,42075.0,22100.0,,
Mozzarella,50,17200,7.5,0,fall,12,129000.0,42570.0,22360.0,,
Mozzarella,51,17400,7.5,0,fall,12,130500.0,43065.0,22620.0,,
Mozzarella,52,17500,7.5,0,fall,12,131250.0,43312.5,22750.0,,
Mozzarella,53,1000,7.5,0,spring,14,7500.0,2238.694004457491,1300.0,819.0,211.0
Brie,53,200,7.5,0,spring,14,1500.0,431.3024200561715,260.0,-151.0,-670.0
Cheddar,53,200,7.5,0,summer,14,1500.0,514.0329609582421,260.0,-186.0,-749.0
Mozzarella,54,12000,7.5,0,spring,14,90000.0,25876.907821191864,15600.0,11752.0,11148.0
Brie,54,1000,7.5,0,winter,14,7500.0,2346.7052115616184,1300.0,754.0,276.0
Cheddar,54,12000,7.5,0,summer,14,90000.0,28378.48101775196,15600.0,11832.0,11110.0
Mozzarella,55,500,7.5,0,winter,14,3750.0,1077.9559938211169,650.0,332.0,-627.0
Brie,55,12000,7.5,0,winter,14,90000.0,28407.267698812884,15600.0,11793.0,11179.0
Cheddar,55,15000,7.5,0,fall,14,112500.0,33988.2047654915,19500.0,14716.0,13960.0
Mozzarella,56,2500,7.5,0,spring,14,18750.0,5628.891742029353,3250.0,2064.0,1704.0
Brie,56,2500,7.5,0,fall,14,18750.0,6326.700646499519,3250.0,2236.0,1636.0
Cheddar,56,5000,7.5,0,fall,14,37500.0,12546.65279037078,6500.0,4588.0,4105.0
Mozzarella,57,500,7.5,0,summer,15,3750.0,1163.722455228662,650.0,378.0,-318.0
Brie,57,12000,7.5,0,fall,15,90000.0,25686.406858684582,15600.0,11771.0,11199.0
Cheddar,57,8000,7.5,0,summer,15,60000.0,17738.866117293073,10400.0,7571.0,6909.0
Mozzarella,58,200,7.5,0,spring,15,1500.0,424.1814867906544,260.0,78.0,-835.0
Brie,58,2500,7.5,0,winter,15,18750.0,5892.963181809249,3250.0,2305.0,1533.0
Cheddar,58,500,7.5,0,spring,15,3750.0,1190.915230937888,650.0,281.0,-575.0
Mozzarella,59,200,7.5,0,spring,15,1500.0,436.86904222994747,260.0,-131.0,-748.0
Brie,59,2500,7.5,0,fall,15,18750.0,6505.80608993064,3250.0,2036.0,1518.0
Cheddar,59,500,7.5,0,winter,15,3750.0,1108.6922106437746,650.0,30.0,-125.0
Mozzarella,60,500,7.5,0,winter,15,3750.0,1070.0042604991354,650.0,69.0,-176.0
Brie,60,8000,7.5,0,winter,15,60000.0,20263.320063797928,10400.0,7740.0,7245.0
Cheddar,60,2500,7.5,0,fall,15,18750.0,6023.774807568319,3250.0,2106.0,1401.0
Mozzarella,61,12000,7.5,0,spring,16,90000.0,25348.010244684225,15600.0,11784.0,11278.0
Brie,61,5000,7.5,0,spring,16,37500.0,11051.390931904576,6500.0,4706.0,3809.0
Cheddar,61,200,7.5,0,spring,16,1500.0,469.79081183881607,260.0,-244.0,-969.0
Mozzarella,62,12000,7.5,0,summer,16,90000.0,27776.59855216773,15600.0,11530.0,10880.0
Brie,62,500,7.5,0,summer,16,3750.0,1290.3931913232834,650.0,150.0,-679.0
Cheddar,62,8000,7.5,0,fall,16,60000.0,19771.159641882088,10400.0,7830.0,6975.0
Mozzarella,63,1000,7.5,0,summer,16,7500.0,2219.3863712935986,1300.0,597.0,115.0
Brie,63,15000,7.5,0,summer,16,112500.0,32459.3585151161,19500.0,14554.0,13857.0
Cheddar,63,2500,7.5,0,fall,16,18750.0,5844.438532988596,3250.0,2338.0,1789.0
Mozzarella,64,12000,7.5,0,summer,16,90000.0,30179.942429362447,15600.0,11616.0,10913.0
Brie,64,8000,7.5,0,winter,16,60000.0,19186.837318389284,10400.0,7723.0,7202.0
Cheddar,64,200,7.5,0,fall,16,1500.0,471.1560240110989,260.0,-92.0,-682.0
Mozzarella,65,8000,7.5,0,fall,17,60000.0,19311.897632545708,10400.0,7659.0,7234.0
Brie,65,1000,7.5,0,fall,17,7500.0,2614.3690498308138,1300.0,760.0,-172.0
Cheddar,65,1000,7.5,0,spring,17,7500.0,2154.533819354471,1300.0,613.0,-42.0
Mozzarella,66,5000,7.5,0,winter,17,37500.0,10770.33534474066,6500.0,4667.0,4011.0
Brie,66,1000,7.5,0,spring,17,7500.0,2153.6840250797386,1300.0,887.0,-83.0
Cheddar,66,5000,7.5,0,spring,17,37500.0,10714.236712449148,6500.0,4670.0,4354.0
Mozzarella,67,1000,7.5,0,summer,17,7500.0,2439.191412185145,1300.0,841.0,325.0
Brie,67,200,7.5,0,spring,17,1500.0,457.0207683696245,260.0,-54.0,-722.0
Cheddar,67,500,7.5,0,spring,17,3750.0,1299.6287209918314,650.0,282.0,-599.0
Mozzarella,68,12000,7.5,0,fall,17,90000.0,28077.71579891795,15600.0,11714.0,10830.0
Brie,68,15000,7.5,0,summer,17,112500.0,38291.99623042399,19500.0,14679.0,14162.0
Cheddar,68,500,7.5,0,winter,17,3750.0,1267.493552698808,650.0,244.0,-487.0
Mozzarella,69,5000,7.5,0,fall,18,37500.0,11531.22962808908,6500.0,4794.0,4220.0
Brie,69,2500,7.5,0,spring,18,18750.0,5555.60858279687,3250.0,2302.0,1831.0
Cheddar,69,8000,7.5,0,winter,18,60000.0,17221.856684769427,10400.0,7736.0,7107.0
Mozzarella,70,2500,7.5,0,summer,18,18750.0,5347.310513661943,3250.0,2138.0,1848.0
Brie,70,15000,7.5,0,fall,18,112500.0,33914.84461149339,19500.0,14651.0,13864.0
Cheddar,70,15000,7.5,0,winter,18,112500.0,32184.893798340432,19500.0,14884.0,14259.0
Mozzarella,71,15000,7.5,0,fall,18,112500.0,31937.7324035273,19500.0,14789.0,14235.0
Brie,71,15000,7.5,0,fall,18,112500.0,32556.783553521105,19500.0,14770.0,14307.0
Cheddar,71,8000,7.5,0,summer,18,60000.0,19607.01449256801,10400.0,7530.0,6898.0
Mozzarella,72,12000,7.5,0,fall,18,90000.0,29537.74664566573,15600.0,11888.0,11206.0
Brie,72,8000,7.5,0,fall,18,60000.0,20795.98235657468,10400.0,7575.0,7362.0
Cheddar,72,200,7.5,0,winter,18,1500.0,509.15633073886266,260.0,-48.0,-754.0
Mozzarella,73,15000,7.5,0,spring,19,112500.0,35415.45969042637,19500.0,14514.0,13942.0
Brie,73,5000,7.5,0,summer,19,37500.0,11599.15743144922,6500.0,4688.0,4091.0
Cheddar,73,1000,7.5,0,summer,19,7500.0,2379.9475004562178,1300.0,627.0,102.0
Mozzarella,74,200,7.5,0,spring,19,1500.0,437.350095819224,260.0,-95.0,-829.0
Brie,74,5000,7.5,0,summer,19,37500.0,11250.310471200317,6500.0,4807.0,4100.0
Cheddar,74,8000,7.5,0,winter,19,60000.0,19156.390585314268,10400.0,7872.0,6822.0
Mozzarella,75,5000,7.5,0,summer,19,37500.0,13008.507177937116,6500.0,4896.0,4237.0
Brie,75,15000,7.5,0,spring,19,112500.0,37665.72616848064,19500.0,14630.0,13905.0
Cheddar,75,5000,7.5,0,spring,19,37500.0,11710.982418984391,6500.0,4581.0,3958.0
Mozzarella,76,200,7.5,0,fall,19,1500.0,464.6393815698689,260.0,-105.0,-910.0
Brie,76,1000,7.5,0,summer,19,7500.0,2508.8371298322554,1300.0,544.0,-4.0
Cheddar,76,8000,7.5,0,summer,19,60000.0,20587.016405884275,10400.0,7715.0,6993.0
Mozzarella,77,200,7.5,0,summer,20,1500.0,455.8924798708103,260.0,-191.0,-435.0
Brie,77,1000,7.5,0,summer,20,7500.0,2563.2053164543263,1300.0,716.0,241.0
Cheddar,77,2500,7.5,0,fall,20,18750.0,5280.542236922618,3250.0,2191.0,1615.0
Mozzarella,78,500,7.5,0,summer,20,3750.0,1166.2010279455308,650.0,357.0,-487.0
Brie,78,200,7.5,0,winter,20,1500.0,469.75405260172994,260.0,-18.0,-705.0
Cheddar,78,5000,7.5,0,fall,20,37500.0,10766.252955157026,6500.0,4828.0,4169.0
Mozzarella,79,12000,7.5,0,fall,20,90000.0,28190.890676458388,15600.0,11803.0,11108.0
Brie,79,8000,7.5,0,summer,20,60000.0,17030.3571002618,10400.0,7535.0,6991.0
Cheddar,79,12000,7.5,0,summer,20,90000.0,31046.69997999345,15600.0,11610.0,11380.0
Mozzarella,80,500,7.5,0,summer,20,3750.0,1279.0256694554316,650.0,231.0,-206.0
Brie,80,15000,7.5,0,winter,20,112500.0,33051.63289454551,19500.0,14744.0,14397.0
Cheddar,80,200,7.5,0,spring,20,1500.0,504.1185845053185,260.0,-1.0,-447.0
Mozzarella,81,8000,7.5,0,fall,21,60000.0,20753.65010347069,10400.0,7598.0,7331.0
Brie,81,1000,7.5,0,spring,21,7500.0,2494.1419344320702,1300.0,831.0,244.0
Cheddar,81,12000,7.5,0,winter,21,90000.0,26651.613166040508,15600.0,11519.0,10913.0
Mozzarella,82,1000,7.5,0,spring,21,7500.0,2122.0051188236143,1300.0,601.0,348.0
Brie,82,200,7.5,0,fall,21,1500.0,441.0673805832487,260.0,-126.0,-556.0
Cheddar,82,12000,7.5,0,winter,21,90000.0,27889.025276807344,15600.0,11648.0,10971.0
Mozzarella,83,12000,7.5,0,winter,21,90000.0,28723.92606417783,15600.0,11672.0,11159.0
Brie,83,500,7.5,0,fall,21,3750.0,1163.7123190318323,650.0,58.0,-578.0
Cheddar,83,200,7.5,0,winter,21,1500.0,435.5333536106401,260.0,47.0,-943.0
Mozzarella,84,1000,7.5,0,summer,21,7500.0,2530.9814276366164,1300.0,731.0,238.0
Brie,84,500,7.5,0,summer,21,3750.0,1219.205579904716,650.0,280.0,-400.0
Cheddar,84,12000,7.5,0,winter,21,90000.0,28305.818886408448,15600.0,11559.0,10892.0
Mozzarella,85,5000,7.5,0,summer,22,37500.0,10967.7468756943,6500.0,4529.0,4350.0
Brie,85,5000,7.5,0,summer,22,37500.0,11882.979332625917,6500.0,4884.0,4195.0
Cheddar,85,5000,7.5,0,spring,22,37500.0,12896.3387723736,6500.0,4644.0,3844.0
Mozzarella,86,15000,7.5,0,fall,22,112500.0,35805.49751231312,19500.0,14536.0,13902.0
Brie,86,200,7.5,0,winter,22,1500.0,464.9577192464394,260.0,-115.0,-893.0
Cheddar,86,12000,7.5,0,fall,22,90000.0,28041.850793605765,15600.0,11689.0,11138.0
Mozzarella,87,5000,7.5,0,summer,22,37500.0,10808.992859923936,6500.0,4524.0,3954.0
Brie,87,2500,7.5,0,fall,22,18750.0,6012.36909200809,3250.0,2036.0,1524.0
Cheddar,87,12000,7.5,0,spring,22,90000.0,25398.35180330308,15600.0,11730.0,11137.0
Mozzarella,88,200,7.5,0,summer,22,1500.0,511.51465991111127,260.0,-234.0,-851.0
Brie,88,15000,7.5,0,summer,22,112500.0,38707.90465735199,19500.0,14718.0,14388.0
Cheddar,88,15000,7.5,0,spring,22,112500.0,35431.47524453612,19500.0,14574.0,13831.0
Mozzarella,89,200,7.5,0,spring,23,1500.0,429.9281740218445,260.0,-82.0,-511.0
Brie,89,15000,7.5,0,spring,23,112500.0,34245.61307866815,19500.0,14753.0,14301.0
Cheddar,89,200,7.5,0,spring,23,1500.0,461.6081789433978,260.0,-29.0,-839.0
Mozzarella,90,15000,7.5,0,winter,23,112500.0,33853.680942384664,19500.0,14656.0,13882.0
Brie,90,8000,7.5,0,summer,23,60000.0,19998.547176736145,10400.0,7662.0,7321.0
Cheddar,90,1000,7.5,0,spring,23,7500.0,2539.6388292321576,1300.0,882.0,344.0
Mozzarella,91,2500,7.5,0,summer,23,18750.0,5852.817849748371,3250.0,2256.0,1726.0
Brie,91,5000,7.5,0,spring,23,37500.0,10571.255133884406,6500.0,4592.0,4399.0
Cheddar,91,8000,7.5,0,winter,23,60000.0,17876.91245065567,10400.0,7768.0,7040.0
Mozzarella,92,500,7.5,0,summer,23,3750.0,1070.922703408485,650.0,152.0,-523.0
Brie,92,500,7.5,0,fall,23,3750.0,1151.6174822029773,650.0,269.0,-510.0
Cheddar,92,15000,7.5,0,fall,23,112500.0,35831.76771681788,19500.0,14753.0,14323.0
Mozzarella,93,5000,7.5,0,winter,24,37500.0,11941.565449478512,6500.0,4525.0,3883.0
Brie,93,200,7.5,0,fall,24,1500.0,508.5350853055458,260.0,-161.0,-821.0
Cheddar,93,15000,7.5,0,winter,24,112500.0,38950.94339064217,19500.0,14525.0,14373.0
Mozzarella,94,8000,7.5,0,spring,24,60000.0,17491.239448896315,10400.0,7722.0,7102.0
Brie,94,8000,7.5,0,spring,24,60000.0,18263.887983124743,10400.0,7584.0,6914.0
Cheddar,94,8000,7.5,0,spring,24,60000.0,19410.77293704727,10400.0,7656.0,6961.0
Mozzarella,95,5000,7.5,0,summer,24,37500.0,11312.220272916642,6500.0,4880.0,4020.0
Brie,95,500,7.5,0,spring,24,3750.0,1116.6690849809331,650.0,365.0,-200.0
Cheddar,95,5000,7.5,0,fall,24,37500.0,11338.624376231928,6500.0,4771.0,4078.0
Mozzarella,96,5000,7.5,0,winter,24,37500.0,12500.218142914771,6500.0,4554.0,4158.0
Brie,96,200,7.5,0,fall,24,1500.0,523.1028721683014,260.0,-286.0,-727.0
Cheddar,96,5000,7.5,0,spring,24,37500.0,11432.41822861566,6500.0,4826.0,4373.0
Mozzarella,97,12000,7.5,0,spring,25,90000.0,28182.325700326182,15600.0,11867.0,10846.0
Brie,97,1000,7.5,0,summer,25,7500.0,2158.6936460842776,1300.0,870.0,344.0
Cheddar,97,15000,7.5,0,winter,25,112500.0,32536.1540890922,19500.0,14689.0,13902.0
Mozzarella,98,15000,7.5,0,spring,25,112500.0,38517.92117651827,19500.0,14664.0,13917.0
Brie,98,5000,7.5,0,winter,25,37500.0,12118.714734201936,6500.0,4602.0,4149.0
Cheddar,98,1000,7.5,0,summer,25,7500.0,2207.967872857579,1300.0,844.0,244.0
Mozzarella,99,12000,7.5,0,spring,25,90000.0,27086.73753199577,15600.0,11540.0,10812.0
Brie,99,15000,7.5,0,spring,25,112500.0,38277.30202254256,19500.0,14609.0,14304.0
Cheddar,99,200,7.5,0,spring,25,1500.0,423.3640153347302,260.0,-159.0,-755.0
Mozzarella,100,1000,7.5,0,fall,25,7500.0,2450.7190034914247,1300.0,599.0,-93.0
Brie,100,8000,7.5,0,fall,25,60000.0,17792.01605910829,10400.0,7553.0,7043.0
Cheddar,100,8000,7.5,0,fall,25,60000.0,18488.984415733463,10400.0,7589.0,6872.0
Brie,14,1273,7.7,0,spring,4,9802.0,3370.0,1611.0,1243.0,1155.0
Cheddar,48,1553,6.59,1,fall,12,10234.0,2943.0,1917.0,1489.0,1449.0
Mozzarella,10,1190,7.78,1,spring,3,9258.0,2622.0,1463.0,1167.0,1148.0
Brie,21,806,7.69,1,spring,6,6198.0,2186.0,1110.0,713.0,677.0
Cheddar,42,1444,6.97,1,fall,11,10065.0,3203.0,1937.0,1426.0,1354.0
Brie,32,1346,7.0,0,summer,8,9422.0,2791.0,1771.0,1302.0,1218.0
Brie,31,716,7.63,1,summer,8,5463.0,1917.0,894.0,704.0,666.0
Brie,2,992,6.68,1,winter,1,6627.0,2375.0,1216.0,911.0,827.0
Mozzarella,42,1370,7.76,0,fall,11,10631.0,3712.0,1725.0,1320.0,1282.0
Brie,31,1028,7.26,0,summer,8,7463.0,2289.0,1416.0,995.0,982.0
Mozzarella,47,576,7.22,1,fall,12,4159.0,1380.0,752.0,542.0,501.0
Brie,18,651,7.38,0,spring,5,4804.0,1643.0,831.0,616.0,528.0
Cheddar,37,1631,6.89,0,fall,10,11238.0,4027.0,2181.0,1531.0,1439.0
Mozzarella,44,1662,7.88,1,fall,11,13097.0,4695.0,2090.0,1589.0,1562.0
Cheddar,8,1307,7.26,0,winter,2,9489.0,3380.0,1779.0,1248.0,1192.0
Mozzarella,35,1660,7.96,0,summer,9,13214.0,4458.0,2023.0,1638.0,1572.0
Cheddar,47,864,6.51,1,fall,12,5625.0,1961.0,1139.0,801.0,745.0
Mozzarella,17,1434,7.85,0,spring,5,11257.0,3862.0,1863.0,1334.0,1272.0
Cheddar,43,1716,7.37,1,fall,11,12647.0,4469.0,2149.0,1658.0,1624.0
Brie,28,700,7.95,1,summer,7,5565.0,1703.0,931.0,635.0,566.0
Brie,40,1210,7.21,0,fall,10,8724.0,2477.0,1618.0,1157.0,1097.0
Mozzarella,36,1739,7.33,1,fall,9,12747.0,3967.0,2270.0,1655.0,1557.0
Brie,1,1957,6.57,0,winter,1,12857.0,4353.0,2486.0,1865.0,1779.0
Cheddar,30,1205,7.31,1,summer,8,8809.0,2708.0,1657.0,1125.0,1110.0
Brie,21,1410,7.67,1,spring,6,10815.0,3221.0,1767.0,1354.0,1296.0
Mozzarella,29,509,7.82,1,summer,8,3980.0,1153.0,677.0,412.0,391.0
Brie,36,1617,6.87,0,fall,9,11109.0,3700.0,2215.0,1555.0,1539.0
Mozzarella,33,1566,7.2,0,summer,9,11275.0,4043.0,2146.0,1500.0,1431.0
Mozzarella,14,1026,7.05,1,spring,4,7233.0,2161.0,1400.0,978.0,950.0
Brie,44,819,6.78,1,fall,11,5553.0,1976.0,1002.0,757.0,722.0
Brie,24,1187,6.95,0,summer,6,8250.0,2428.0,1598.0,1154.0,1102.0
Mozzarella,39,675,7.86,1,fall,10,5306.0,1562.0,943.0,611.0,578.0
Brie,47,913,6.87,1,fall,12,6272.0,1852.0,1096.0,876.0,846.0
Cheddar,13,1754,7.21,0,spring,4,12646.0,3741.0,2372.0,1729.0,1649.0
Mozzarella,19,1202,7.39,1,spring,5,8883.0,2776.0,1661.0,1118.0,1103.0
Mozzarella,39,926,7.2,1,fall,10,6667.0,2196.0,1125.0,852.0,818.0
Cheddar,12,1998,7.78,0,spring,3,15544.0,5465.0,2571.0,1979.0,1961.0
Mozzarella,27,1442,7.81,1,summer,7,11262.0,3413.0,1951.0,1395.0,1378.0
Cheddar,6,1474,7.52,1,winter,2,11084.0,3595.0,2051.0,1451.0,1368.0
Mozzarella,15,1019,6.69,1,spring,4,6817.0,2449.0,1364.0,931.0,848.0
Cheddar,9,1661,6.61,0,winter,3,10979.0,3101.0,2009.0,1630.0,1540.0
Cheddar,50,768,7.1,0,winter,13,5453.0,1755.0,1042.0,719.0,642.0
Cheddar,33,1650,7.63,0,summer,9,12590.0,4211.0,2054.0,1580.0,1491.0
Cheddar,31,1275,7.1,1,summer,8,9052.0,2658.0,1772.0,1205.0,1123.0
Brie,40,1990,7.4,1,fall,10,14726.0,4958.0,2581.0,1898.0,1885.0
Brie,30,837,7.19,0,summer,8,6018.0,2113.0,1163.0,754.0,708.0
Mozzarella,21,1749,7.12,1,spring,6,12453.0,3795.0,2294.0,1657.0,1557.0
Brie,3,1140,7.12,1,winter,1,8117.0,2906.0,1448.0,1100.0,1036.0
Mozzarella,26,1430,7.28,1,summer,7,10410.0,3685.0,1937.0,1337.0,1270.0
Cheddar,19,1609,6.78,1,spring,5,10909.0,3406.0,2074.0,1574.0,1536.0
Cheddar,6,1479,7.15,0,winter,2,10575.0,3254.0,1897.0,1450.0,1426.0
Cheddar,42,1660,7.81,0,fall,11,12965.0,3984.0,2221.0,1602.0,1561.0
Mozzarella,25,1168,7.22,1,summer,7,8433.0,2596.0,1616.0,1104.0,1041.0
Mozzarella,2,809,7.93,0,winter,1,6415.0,2104.0,1053.0,769.0,757.0
Cheddar,40,765,7.69,0,fall,10,5883.0,1844.0,973.0,670.0,628.0
Cheddar,5,1675,7.11,1,winter,2,11909.0,4132.0,2018.0,1649.0,1587.0
Mozzarella,44,781,7.58,1,fall,11,5920.0,2009.0,1087.0,762.0,684.0
Mozzarella,52,618,7.35,1,winter,13,4542.0,1303.0,796.0,552.0,540.0
Brie,25,1849,6.54,1,summer,7,12092.0,4264.0,2345.0,1787.0,1744.0
Cheddar,27,1252,7.56,1,summer,7,9465.0,3009.0,1625.0,1180.0,1168.0
Cheddar,51,650,7.18,1,winter,13,4667.0,1485.0,903.0,618.0,599.0
Brie,43,1587,7.04,1,fall,11,11172.0,3471.0,2195.0,1537.0,1453.0
Mozzarella,21,781,6.94,0,spring,6,5420.0,1684.0,950.0,699.0,654.0
Mozzarella,45,1337,7.35,0,fall,12,9827.0,2889.0,1606.0,1238.0,1228.0
Cheddar,1,1303,6.53,0,winter,1,8509.0,2713.0,1732.0,1229.0,1207.0
Brie,35,826,6.95,1,summer,9,5741.0,1936.0,1036.0,733.0,683.0
Mozzarella,52,1524,6.58,1,winter,13,10028.0,3334.0,2015.0,1475.0,1455.0
Cheddar,49,1749,6.87,0,winter,13,12016.0,3988.0,2341.0,1722.0,1655.0
Cheddar,19,1038,7.74,0,spring,5,8034.0,2757.0,1453.0,1019.0,958.0
Brie,30,1753,7.29,1,summer,8,12779.0,3647.0,2303.0,1740.0,1721.0
Mozzarella,42,1898,7.4,1,fall,11,14045.0,4434.0,2395.0,1861.0,1832.0
Mozzarella,32,1432,7.89,1,summer,8,11298.0,3736.0,1877.0,1360.0,1284.0
Mozzarella,45,570,6.64,0,fall,12,3785.0,1278.0,791.0,560.0,464.0
Mozzarella,10,1023,7.65,1,spring,3,7826.0,2487.0,1343.0,932.0,860.0
Brie,24,576,6.78,1,summer,6,3905.0,1113.0,788.0,502.0,454.0
Cheddar,1,1731,7.55,0,winter,1,13069.0,4685.0,2378.0,1637.0,1561.0
Brie,39,1698,6.83,1,fall,10,11597.0,3606.0,2191.0,1637.0,1616.0
Cheddar,49,853,6.69,0,winter,13,5707.0,1923.0,1101.0,759.0,680.0
Brie,46,1233,6.89,1,fall,12,8495.0,2558.0,1551.0,1177.0,1145.0
Mozzarella,22,699,7.98,0,spring,6,5578.0,1584.0,870.0,656.0,636.0
Brie,21,530,7.41,1,spring,6,3927.0,1404.0,706.0,505.0,417.0
Cheddar,16,1332,7.38,1,spring,4,9830.0,3039.0,1801.0,1251.0,1167.0
Mozzarella,34,964,7.4,1,summer,9,7134.0,2220.0,1238.0,904.0,839.0
Cheddar,18,1063,6.65,1,spring,5,7069.0,2377.0,1290.0,1047.0,1013.0
Cheddar,17,1351,7.31,1,spring,5,9876.0,2944.0,1663.0,1264.0,1207.0
Brie,13,1685,6.83,1,spring,4,11509.0,3852.0,2098.0,1595.0,1505.0
Mozzarella,18,910,7.78,0,spring,5,7080.0,2207.0,1211.0,886.0,861.0
Brie,47,879,7.42,1,fall,12,6522.0,2168.0,1174.0,788.0,734.0
Cheddar,18,1442,6.86,1,spring,5,9892.0,3534.0,1941.0,1351.0,1312.0
Brie,50,1413,7.54,1,winter,13,10654.0,3684.0,1788.0,1350.0,1251.0
Mozzarella,2,889,6.93,1,winter,1,6161.0,1874.0,1150.0,855.0,757.0
Mozzarella,23,652,7.38,0,summer,6,4812.0,1643.0,791.0,599.0,529.0
Mozzarella,38,988,6.84,1,fall,10,6758.0,1976.0,1214.0,942.0,927.0
Cheddar,41,526,7.09,0,fall,11,3729.0,1249.0,717.0,479.0,454.0
Brie,29,1797,7.68,0,summer,8,13801.0,4473.0,2229.0,1754.0,1734.0
Mozzarella,21,1920,7.9,1,spring,6,15168.0,4784.0,2559.0,1909.0,1878.0
Cheddar,11,1050,6.75,1,spring,3,7088.0,2112.0,1306.0,1022.0,984.0
Cheddar,4,1247,6.95,0,winter,1,8667.0,2751.0,1611.0,1187.0,1105.0
Cheddar,12,1583,7.06,1,spring,3,11176.0,3974.0,1977.0,1565.0,1512.0
Brie,27,543,7.63,1,summer,7,4143.0,1338.0,703.0,511.0,414.0
Mozzarella,28,740,7.98,0,summer,7,5905.0,1936.0,1010.0,662.0,618.0
Brie,32,635,7.35,0,summer,8,4667.0,1497.0,840.0,625.0,537.0
Cheddar,46,1794,7.39,1,fall,12,13258.0,4768.0,2158.0,1746.0,1687.0
Cheddar,38,852,6.99,1,fall,10,5955.0,2141.0,1069.0,814.0,784.0
Brie,22,678,7.85,0,spring,6,5322.0,1786.0,913.0,622.0,608.0
Brie,23,1671,7.87,0,summer,6,13151.0,4313.0,2164.0,1629.0,1560.0
Brie,11,1404,7.17,1,spring,3,10067.0,2946.0,1833.0,1306.0,1242.0
Brie,6,1277,7.26,0,winter,2,9271.0,3077.0,1571.0,1209.0,1166.0
Brie,49,1011,6.75,0,winter,13,6824.0,2151.0,1327.0,958.0,869.0
Brie,14,1944,7.02,1,spring,4,13647.0,4371.0,2379.0,1898.0,1882.0
Mozzarella,37,1688,7.3,1,fall,10,12322.0,3623.0,2265.0,1595.0,1561.0
Mozzarella,39,1732,7.27,1,fall,10,12592.0,3860.0,2218.0,1643.0,1610.0
Brie,26,1465,7.95,1,summer,7,11647.0,3749.0,1804.0,1395.0,1301.0
Brie,7,1575,6.84,0,winter,2,10773.0,3778.0,1992.0,1517.0,1421.0
Cheddar,52,1442,7.99,1,winter,13,11522.0,3399.0,1966.0,1431.0,1352.0
Cheddar,21,1406,7.27,1,spring,6,10222.0,3662.0,1865.0,1361.0,1344.0
Cheddar,38,708,6.55,0,fall,10,4637.0,1330.0,886.0,648.0,618.0
Mozzarella,39,1716,6.71,1,fall,10,11514.0,3778.0,2233.0,1617.0,1582.0
Mozzarella,50,1153,7.71,0,winter,13,8890.0,2707.0,1490.0,1083.0,1017.0
Cheddar,37,950,6.74,0,fall,10,6403.0,2069.0,1212.0,916.0,849.0
Brie,7,630,7.68,0,winter,2,4838.0,1463.0,824.0,618.0,581.0
Cheddar,14,578,7.41,1,spring,4,4283.0,1241.0,745.0,517.0,473.0
Brie,2,795,7.68,1,winter,1,6106.0,2028.0,1067.0,729.0,710.0
Brie,18,1985,6.58,1,spring,5,13061.0,3722.0,2503.0,1904.0,1890.0
Cheddar,18,947,6.7,0,spring,5,6345.0,1960.0,1319.0,881.0,843.0
Brie,38,1492,7.04,0,fall,10,10504.0,3697.0,1961.0,1409.0,1360.0
Brie,51,934,6.84,1,winter,13,6389.0,1886.0,1157.0,900.0,844.0
Cheddar,36,613,7.87,0,fall,9,4824.0,1724.0,830.0,542.0,460.0
Brie,49,656,7.05,0,winter,13,4625.0,1594.0,860.0,595.0,509.0
Brie,16,1093,7.87,1,spring,4,8602.0,2963.0,1380.0,1082.0,1040.0
Cheddar,12,1832,7.51,0,spring,3,13758.0,3934.0,2361.0,1813.0,1785.0
Mozzarella,27,1779,7.66,1,summer,7,13627.0,4081.0,2194.0,1747.0,1684.0
Cheddar,19,1461,7.46,1,spring,5,10899.0,3717.0,1789.0,1387.0,1359.0
Cheddar,3,1873,7.9,0,winter,1,14797.0,4832.0,2479.0,1845.0,1825.0
Brie,43,1911,7.45,0,fall,11,14237.0,4710.0,2439.0,1860.0,1808.0
Brie,1,1404,6.82,1,winter,1,9575.0,2959.0,1826.0,1320.0,1249.0
Brie,44,1829,7.3,1,fall,11,13352.0,4677.0,2264.0,1747.0,1723.0
Cheddar,33,956,7.73,1,summer,9,7390.0,2494.0,1294.0,935.0,852.0
Brie,35,1560,7.31,0,summer,9,11404.0,3958.0,1993.0,1491.0,1415.0
Mozzarella,41,1538,7.69,1,fall,11,11827.0,3814.0,1977.0,1525.0,1437.0
Brie,10,1291,6.84,1,spring,3,8830.0,2877.0,1789.0,1196.0,1184.0
Cheddar,50,1850,7.8,1,winter,13,14430.0,5141.0,2384.0,1775.0,1716.0
Cheddar,30,1799,7.6,1,summer,8,13672.0,4427.0,2460.0,1763.0,1692.0
Brie,51,1288,6.56,1,winter,13,8449.0,2473.0,1717.0,1190.0,1101.0
Cheddar,13,1816,7.13,0,spring,4,12948.0,3740.0,2335.0,1790.0,1733.0
Cheddar,4,1117,7.43,0,winter,1,8299.0,2480.0,1420.0,1055.0,1016.0
Cheddar,6,1158,6.87,0,winter,2,7955.0,2332.0,1441.0,1074.0,1020.0
Mozzarella,49,1777,7.05,0,winter,13,12528.0,3968.0,2133.0,1758.0,1701.0
Cheddar,46,1839,7.0,1,fall,12,12873.0,4474.0,2559.0,1826.0,1740.0
Cheddar,10,729,6.51,1,spring,3,4746.0,1455.0,947.0,646.0,547.0
